{"v":"5.5.2","fr":25,"ip":0,"op":31,"w":400,"h":400,"nm":"Menu_1","ddd":0,"assets":[],"layers":[{"ddd":0,"ind":1,"ty":4,"nm":"#burger_1","ln":"burger_1","sr":1,"ks":{"o":{"a":0,"k":100,"ix":11},"r":{"a":0,"k":0,"ix":10},"p":{"a":0,"k":[200,199.875,0],"ix":2},"a":{"a":0,"k":[0,0,0],"ix":1},"s":{"a":0,"k":[100,100,100],"ix":6}},"ao":0,"shapes":[{"ty":"gr","it":[{"ty":"rc","d":1,"s":{"a":0,"k":[220,20],"ix":2},"p":{"a":0,"k":[0,0],"ix":3},"r":{"a":0,"k":140,"ix":4},"nm":"Tracé rectangulaire 1","mn":"ADBE Vector Shape - Rect","hd":false},{"ty":"fl","c":{"a":0,"k":[1,1,1,1],"ix":4},"o":{"a":0,"k":100,"ix":5},"r":1,"bm":0,"nm":"Fond 1","mn":"ADBE Vector Graphic - Fill","hd":false},{"ty":"tr","p":{"a":1,"k":[{"i":{"x":0.076,"y":1},"o":{"x":0.463,"y":0},"t":5,"s":[0,-75],"to":[0,1.306],"ti":[0,-8.527]},{"t":30,"s":[0,0],"h":1},{"i":{"x":0.537,"y":1},"o":{"x":0.924,"y":0},"t":45,"s":[0,0],"to":[0,-8.527],"ti":[0,1.306]},{"t":70,"s":[0,-75]}],"ix":2},"a":{"a":0,"k":[0,0],"ix":1},"s":{"a":0,"k":[100,100],"ix":3},"r":{"a":1,"k":[{"i":{"x":[0.076],"y":[1]},"o":{"x":[0.463],"y":[0]},"t":5,"s":[0]},{"t":30,"s":[45],"h":1},{"i":{"x":[0.537],"y":[1]},"o":{"x":[0.924],"y":[0]},"t":45,"s":[45]},{"t":70,"s":[0]}],"ix":6},"o":{"a":0,"k":100,"ix":7},"sk":{"a":0,"k":0,"ix":4},"sa":{"a":0,"k":0,"ix":5},"nm":"Transformer "}],"nm":".barre_1","np":2,"cix":2,"bm":0,"ix":1,"mn":"ADBE Vector Group","hd":false,"cl":"barre_1"}],"ip":0,"op":75,"st":0,"bm":0},{"ddd":0,"ind":2,"ty":4,"nm":"#burger_2","ln":"burger_2","sr":1,"ks":{"o":{"a":0,"k":100,"ix":11},"r":{"a":0,"k":0,"ix":10},"p":{"a":0,"k":[200,199.875,0],"ix":2},"a":{"a":0,"k":[0,0,0],"ix":1},"s":{"a":0,"k":[100,100,100],"ix":6}},"ao":0,"shapes":[{"ty":"gr","it":[{"ty":"rc","d":1,"s":{"a":0,"k":[220,20],"ix":2},"p":{"a":0,"k":[0,0],"ix":3},"r":{"a":0,"k":84,"ix":4},"nm":"Tracé rectangulaire 1","mn":"ADBE Vector Shape - Rect","hd":false},{"ty":"fl","c":{"a":0,"k":[1,1,1,1],"ix":4},"o":{"a":0,"k":100,"ix":5},"r":1,"bm":0,"nm":"Fond 1","mn":"ADBE Vector Graphic - Fill","hd":false},{"ty":"tr","p":{"a":1,"k":[{"i":{"x":0.183,"y":0.183},"o":{"x":0.699,"y":0.699},"t":5,"s":[0,0],"to":[0,0],"ti":[0,0]},{"t":30,"s":[0,0],"h":1},{"i":{"x":0.301,"y":0.301},"o":{"x":0.817,"y":0.817},"t":45,"s":[0,0],"to":[0,0],"ti":[0,0]},{"t":70,"s":[0,0]}],"ix":2},"a":{"a":0,"k":[0,0],"ix":1},"s":{"a":1,"k":[{"i":{"x":[0.183,0.196],"y":[1,1]},"o":{"x":[0.699,0.333],"y":[0,0]},"t":5,"s":[100,100]},{"t":30,"s":[0,100],"h":1},{"i":{"x":[0.301,0.667],"y":[1,1]},"o":{"x":[0.817,0.804],"y":[0,0]},"t":45,"s":[0,100]},{"t":70,"s":[100,100]}],"ix":3},"r":{"a":0,"k":0,"ix":6},"o":{"a":0,"k":100,"ix":7},"sk":{"a":0,"k":0,"ix":4},"sa":{"a":0,"k":0,"ix":5},"nm":"Transformer "}],"nm":".barre_2","np":2,"cix":2,"bm":0,"ix":1,"mn":"ADBE Vector Group","hd":false,"cl":"barre_2"}],"ip":0,"op":75,"st":0,"bm":0},{"ddd":0,"ind":3,"ty":4,"nm":"#burger_3","ln":"burger_3","sr":1,"ks":{"o":{"a":0,"k":100,"ix":11},"r":{"a":0,"k":0,"ix":10},"p":{"a":0,"k":[200,199.875,0],"ix":2},"a":{"a":0,"k":[0,0,0],"ix":1},"s":{"a":0,"k":[100,100,100],"ix":6}},"ao":0,"shapes":[{"ty":"gr","it":[{"ty":"rc","d":1,"s":{"a":0,"k":[220,20],"ix":2},"p":{"a":0,"k":[0,0],"ix":3},"r":{"a":0,"k":27,"ix":4},"nm":"Tracé rectangulaire 1","mn":"ADBE Vector Shape - Rect","hd":false},{"ty":"fl","c":{"a":0,"k":[1,1,1,1],"ix":4},"o":{"a":0,"k":100,"ix":5},"r":1,"bm":0,"nm":"Fond 1","mn":"ADBE Vector Graphic - Fill","hd":false},{"ty":"tr","p":{"a":1,"k":[{"i":{"x":0.076,"y":1},"o":{"x":0.463,"y":0},"t":5,"s":[0,75],"to":[0,-1.306],"ti":[0,8.527]},{"t":30,"s":[0,0],"h":1},{"i":{"x":0.537,"y":1},"o":{"x":0.924,"y":0},"t":45,"s":[0,0],"to":[0,8.527],"ti":[0,-1.306]},{"t":70,"s":[0,75]}],"ix":2},"a":{"a":0,"k":[0,0],"ix":1},"s":{"a":0,"k":[100,100],"ix":3},"r":{"a":1,"k":[{"i":{"x":[0.076],"y":[1]},"o":{"x":[0.463],"y":[0]},"t":5,"s":[0]},{"t":30,"s":[-45],"h":1},{"i":{"x":[0.537],"y":[1]},"o":{"x":[0.924],"y":[0]},"t":45,"s":[-45]},{"t":70,"s":[0]}],"ix":6},"o":{"a":0,"k":100,"ix":7},"sk":{"a":0,"k":0,"ix":4},"sa":{"a":0,"k":0,"ix":5},"nm":"Transformer "}],"nm":".barre_3","np":2,"cix":2,"bm":0,"ix":1,"mn":"ADBE Vector Group","hd":false,"cl":"barre_3"}],"ip":0,"op":75,"st":0,"bm":0}],"markers":[{"tm":5,"cm":"#start-input","dr":0},{"tm":30,"cm":"#end-input","dr":0},{"tm":45,"cm":"#start-outpout","dr":0},{"tm":70,"cm":"#end-outpout","dr":0}]}