{"v":"5.7.11","fr":25,"ip":0,"op":125,"w":720,"h":579,"nm":"Opensource","ddd":0,"assets":[],"layers":[{"ddd":0,"ind":1,"ty":4,"nm":"Sparkle","sr":1,"ks":{"o":{"a":0,"k":100,"ix":11},"r":{"a":0,"k":-52,"ix":10},"p":{"a":0,"k":[589.438,64.188,0],"ix":2,"l":2},"a":{"a":0,"k":[204.688,-253.938,0],"ix":1,"l":2},"s":{"a":0,"k":[100,100,100],"ix":6,"l":2}},"ao":0,"shapes":[{"ty":"gr","it":[{"ind":0,"ty":"sh","ix":1,"ks":{"a":0,"k":{"i":[[0,0],[0,0]],"o":[[0,0],[0,0]],"v":[[204.75,-252.75],[201.5,-266]],"c":false},"ix":2},"nm":"Tracé 1","mn":"ADBE Vector Shape - Group","hd":false},{"ty":"tm","s":{"a":1,"k":[{"i":{"x":[0.88],"y":[1]},"o":{"x":[0.144],"y":[0]},"t":19.583,"s":[0]},{"t":31.3577473958333,"s":[100]}],"ix":1},"e":{"a":1,"k":[{"i":{"x":[0.329],"y":[1]},"o":{"x":[0.333],"y":[0]},"t":14.583,"s":[0]},{"t":25.8460286458333,"s":[100]}],"ix":2},"o":{"a":0,"k":0,"ix":3},"m":1,"ix":2,"nm":"Réduire les tracés 1","mn":"ADBE Vector Filter - Trim","hd":false},{"ty":"st","c":{"a":0,"k":[1,0.854902020623,0.086274509804,1],"ix":3},"o":{"a":0,"k":100,"ix":4},"w":{"a":0,"k":3,"ix":5},"lc":2,"lj":1,"ml":4,"bm":0,"nm":"Contour 1","mn":"ADBE Vector Graphic - Stroke","hd":false},{"ty":"fl","c":{"a":0,"k":[0.18431372549,0.098039215686,0.474509803922,1],"ix":4},"o":{"a":0,"k":100,"ix":5},"r":1,"bm":0,"nm":"Fond 1","mn":"ADBE Vector Graphic - Fill","hd":false},{"ty":"tr","p":{"a":0,"k":[0,0],"ix":2},"a":{"a":0,"k":[0,0],"ix":1},"s":{"a":0,"k":[100,100],"ix":3},"r":{"a":0,"k":0,"ix":6},"o":{"a":0,"k":100,"ix":7},"sk":{"a":0,"k":0,"ix":4},"sa":{"a":0,"k":0,"ix":5},"nm":"Transformer "}],"nm":"Forme 1","np":4,"cix":2,"bm":0,"ix":1,"mn":"ADBE Vector Group","hd":false},{"ty":"rp","c":{"a":0,"k":4,"ix":1},"o":{"a":0,"k":0,"ix":2},"m":1,"ix":2,"tr":{"ty":"tr","p":{"a":0,"k":[0,0],"ix":2},"a":{"a":0,"k":[205,-254],"ix":1},"s":{"a":0,"k":[100,100],"ix":3},"r":{"a":0,"k":89,"ix":4},"so":{"a":0,"k":100,"ix":5},"eo":{"a":0,"k":100,"ix":6},"nm":"Transformer"},"nm":"Répétition 1","mn":"ADBE Vector Filter - Repeater","hd":false}],"ip":7.08333333333333,"op":40.4166666666667,"st":-15.4166666666667,"bm":0},{"ddd":0,"ind":2,"ty":4,"nm":"Sparkle 2","sr":1,"ks":{"o":{"a":0,"k":100,"ix":11},"r":{"a":0,"k":23,"ix":10},"p":{"a":0,"k":[645.688,151.688,0],"ix":2,"l":2},"a":{"a":0,"k":[204.688,-253.938,0],"ix":1,"l":2},"s":{"a":0,"k":[100,100,100],"ix":6,"l":2}},"ao":0,"shapes":[{"ty":"gr","it":[{"ind":0,"ty":"sh","ix":1,"ks":{"a":0,"k":{"i":[[0,0],[0,0]],"o":[[0,0],[0,0]],"v":[[204.75,-252.75],[201.5,-266]],"c":false},"ix":2},"nm":"Tracé 1","mn":"ADBE Vector Shape - Group","hd":false},{"ty":"tm","s":{"a":1,"k":[{"i":{"x":[0.88],"y":[1]},"o":{"x":[0.144],"y":[0]},"t":23.667,"s":[0]},{"t":35.4410807291667,"s":[100]}],"ix":1},"e":{"a":1,"k":[{"i":{"x":[0.329],"y":[1]},"o":{"x":[0.333],"y":[0]},"t":18.667,"s":[0]},{"t":29.9293619791667,"s":[100]}],"ix":2},"o":{"a":0,"k":0,"ix":3},"m":1,"ix":2,"nm":"Réduire les tracés 1","mn":"ADBE Vector Filter - Trim","hd":false},{"ty":"st","c":{"a":0,"k":[1,0.854902020623,0.086274509804,1],"ix":3},"o":{"a":0,"k":100,"ix":4},"w":{"a":0,"k":3,"ix":5},"lc":2,"lj":1,"ml":4,"bm":0,"nm":"Contour 1","mn":"ADBE Vector Graphic - Stroke","hd":false},{"ty":"fl","c":{"a":0,"k":[0.18431372549,0.098039215686,0.474509803922,1],"ix":4},"o":{"a":0,"k":100,"ix":5},"r":1,"bm":0,"nm":"Fond 1","mn":"ADBE Vector Graphic - Fill","hd":false},{"ty":"tr","p":{"a":0,"k":[0,0],"ix":2},"a":{"a":0,"k":[0,0],"ix":1},"s":{"a":0,"k":[100,100],"ix":3},"r":{"a":0,"k":0,"ix":6},"o":{"a":0,"k":100,"ix":7},"sk":{"a":0,"k":0,"ix":4},"sa":{"a":0,"k":0,"ix":5},"nm":"Transformer "}],"nm":"Forme 1","np":4,"cix":2,"bm":0,"ix":1,"mn":"ADBE Vector Group","hd":false},{"ty":"rp","c":{"a":0,"k":4,"ix":1},"o":{"a":0,"k":0,"ix":2},"m":1,"ix":2,"tr":{"ty":"tr","p":{"a":0,"k":[0,0],"ix":2},"a":{"a":0,"k":[205,-254],"ix":1},"s":{"a":0,"k":[100,100],"ix":3},"r":{"a":0,"k":89,"ix":4},"so":{"a":0,"k":100,"ix":5},"eo":{"a":0,"k":100,"ix":6},"nm":"Transformer"},"nm":"Répétition 1","mn":"ADBE Vector Filter - Repeater","hd":false}],"ip":11.1666666666667,"op":44.5,"st":-11.3333333333333,"bm":0},{"ddd":0,"ind":3,"ty":4,"nm":"Sparkle 7","sr":1,"ks":{"o":{"a":0,"k":100,"ix":11},"r":{"a":0,"k":-15,"ix":10},"p":{"a":0,"k":[57.438,465.188,0],"ix":2,"l":2},"a":{"a":0,"k":[204.688,-253.938,0],"ix":1,"l":2},"s":{"a":0,"k":[100,100,100],"ix":6,"l":2}},"ao":0,"shapes":[{"ty":"gr","it":[{"ind":0,"ty":"sh","ix":1,"ks":{"a":0,"k":{"i":[[0,0],[0,0]],"o":[[0,0],[0,0]],"v":[[204.75,-252.75],[201.5,-266]],"c":false},"ix":2},"nm":"Tracé 1","mn":"ADBE Vector Shape - Group","hd":false},{"ty":"tm","s":{"a":1,"k":[{"i":{"x":[0.88],"y":[1]},"o":{"x":[0.144],"y":[0]},"t":20.083,"s":[0]},{"t":31.8577473958333,"s":[100]}],"ix":1},"e":{"a":1,"k":[{"i":{"x":[0.329],"y":[1]},"o":{"x":[0.333],"y":[0]},"t":15.083,"s":[0]},{"t":26.3460286458333,"s":[100]}],"ix":2},"o":{"a":0,"k":0,"ix":3},"m":1,"ix":2,"nm":"Réduire les tracés 1","mn":"ADBE Vector Filter - Trim","hd":false},{"ty":"st","c":{"a":0,"k":[1,0.854902020623,0.086274509804,1],"ix":3},"o":{"a":0,"k":100,"ix":4},"w":{"a":0,"k":3,"ix":5},"lc":2,"lj":1,"ml":4,"bm":0,"nm":"Contour 1","mn":"ADBE Vector Graphic - Stroke","hd":false},{"ty":"fl","c":{"a":0,"k":[0.18431372549,0.098039215686,0.474509803922,1],"ix":4},"o":{"a":0,"k":100,"ix":5},"r":1,"bm":0,"nm":"Fond 1","mn":"ADBE Vector Graphic - Fill","hd":false},{"ty":"tr","p":{"a":0,"k":[0,0],"ix":2},"a":{"a":0,"k":[0,0],"ix":1},"s":{"a":0,"k":[100,100],"ix":3},"r":{"a":0,"k":0,"ix":6},"o":{"a":0,"k":100,"ix":7},"sk":{"a":0,"k":0,"ix":4},"sa":{"a":0,"k":0,"ix":5},"nm":"Transformer "}],"nm":"Forme 1","np":4,"cix":2,"bm":0,"ix":1,"mn":"ADBE Vector Group","hd":false},{"ty":"rp","c":{"a":0,"k":4,"ix":1},"o":{"a":0,"k":0,"ix":2},"m":1,"ix":2,"tr":{"ty":"tr","p":{"a":0,"k":[0,0],"ix":2},"a":{"a":0,"k":[205,-254],"ix":1},"s":{"a":0,"k":[100,100],"ix":3},"r":{"a":0,"k":89,"ix":4},"so":{"a":0,"k":100,"ix":5},"eo":{"a":0,"k":100,"ix":6},"nm":"Transformer"},"nm":"Répétition 1","mn":"ADBE Vector Filter - Repeater","hd":false}],"ip":7.58333333333333,"op":40.9166666666667,"st":-14.9166666666667,"bm":0},{"ddd":0,"ind":4,"ty":4,"nm":"Sparkle 8","sr":1,"ks":{"o":{"a":0,"k":100,"ix":11},"r":{"a":0,"k":-12,"ix":10},"p":{"a":0,"k":[70.688,540.688,0],"ix":2,"l":2},"a":{"a":0,"k":[204.688,-253.938,0],"ix":1,"l":2},"s":{"a":0,"k":[100,100,100],"ix":6,"l":2}},"ao":0,"shapes":[{"ty":"gr","it":[{"ind":0,"ty":"sh","ix":1,"ks":{"a":0,"k":{"i":[[0,0],[0,0]],"o":[[0,0],[0,0]],"v":[[204.75,-252.75],[201.5,-266]],"c":false},"ix":2},"nm":"Tracé 1","mn":"ADBE Vector Shape - Group","hd":false},{"ty":"tm","s":{"a":1,"k":[{"i":{"x":[0.88],"y":[1]},"o":{"x":[0.144],"y":[0]},"t":31.25,"s":[0]},{"t":43.0244140625,"s":[100]}],"ix":1},"e":{"a":1,"k":[{"i":{"x":[0.329],"y":[1]},"o":{"x":[0.333],"y":[0]},"t":26.25,"s":[0]},{"t":37.5126953125,"s":[100]}],"ix":2},"o":{"a":0,"k":0,"ix":3},"m":1,"ix":2,"nm":"Réduire les tracés 1","mn":"ADBE Vector Filter - Trim","hd":false},{"ty":"st","c":{"a":0,"k":[1,0.854902020623,0.086274509804,1],"ix":3},"o":{"a":0,"k":100,"ix":4},"w":{"a":0,"k":3,"ix":5},"lc":2,"lj":1,"ml":4,"bm":0,"nm":"Contour 1","mn":"ADBE Vector Graphic - Stroke","hd":false},{"ty":"fl","c":{"a":0,"k":[0.18431372549,0.098039215686,0.474509803922,1],"ix":4},"o":{"a":0,"k":100,"ix":5},"r":1,"bm":0,"nm":"Fond 1","mn":"ADBE Vector Graphic - Fill","hd":false},{"ty":"tr","p":{"a":0,"k":[0,0],"ix":2},"a":{"a":0,"k":[0,0],"ix":1},"s":{"a":0,"k":[100,100],"ix":3},"r":{"a":0,"k":0,"ix":6},"o":{"a":0,"k":100,"ix":7},"sk":{"a":0,"k":0,"ix":4},"sa":{"a":0,"k":0,"ix":5},"nm":"Transformer "}],"nm":"Forme 1","np":4,"cix":2,"bm":0,"ix":1,"mn":"ADBE Vector Group","hd":false},{"ty":"rp","c":{"a":0,"k":4,"ix":1},"o":{"a":0,"k":0,"ix":2},"m":1,"ix":2,"tr":{"ty":"tr","p":{"a":0,"k":[0,0],"ix":2},"a":{"a":0,"k":[205,-254],"ix":1},"s":{"a":0,"k":[100,100],"ix":3},"r":{"a":0,"k":89,"ix":4},"so":{"a":0,"k":100,"ix":5},"eo":{"a":0,"k":100,"ix":6},"nm":"Transformer"},"nm":"Répétition 1","mn":"ADBE Vector Filter - Repeater","hd":false}],"ip":18.75,"op":52.0833333333333,"st":-3.75,"bm":0},{"ddd":0,"ind":5,"ty":4,"nm":"Sparkle 3","sr":1,"ks":{"o":{"a":0,"k":100,"ix":11},"r":{"a":0,"k":-19,"ix":10},"p":{"a":0,"k":[108.438,40.688,0],"ix":2,"l":2},"a":{"a":0,"k":[204.688,-253.938,0],"ix":1,"l":2},"s":{"a":0,"k":[100,100,100],"ix":6,"l":2}},"ao":0,"shapes":[{"ty":"gr","it":[{"ind":0,"ty":"sh","ix":1,"ks":{"a":0,"k":{"i":[[0,0],[0,0]],"o":[[0,0],[0,0]],"v":[[204.75,-252.75],[201.5,-266]],"c":false},"ix":2},"nm":"Tracé 1","mn":"ADBE Vector Shape - Group","hd":false},{"ty":"tm","s":{"a":1,"k":[{"i":{"x":[0.88],"y":[1]},"o":{"x":[0.144],"y":[0]},"t":30.167,"s":[0]},{"t":41.9410807291667,"s":[100]}],"ix":1},"e":{"a":1,"k":[{"i":{"x":[0.329],"y":[1]},"o":{"x":[0.333],"y":[0]},"t":25.167,"s":[0]},{"t":36.4293619791667,"s":[100]}],"ix":2},"o":{"a":0,"k":0,"ix":3},"m":1,"ix":2,"nm":"Réduire les tracés 1","mn":"ADBE Vector Filter - Trim","hd":false},{"ty":"st","c":{"a":0,"k":[1,0.360784313725,0.592156862745,1],"ix":3},"o":{"a":0,"k":100,"ix":4},"w":{"a":0,"k":3,"ix":5},"lc":2,"lj":1,"ml":4,"bm":0,"nm":"Contour 1","mn":"ADBE Vector Graphic - Stroke","hd":false},{"ty":"fl","c":{"a":0,"k":[0.18431372549,0.098039215686,0.474509803922,1],"ix":4},"o":{"a":0,"k":100,"ix":5},"r":1,"bm":0,"nm":"Fond 1","mn":"ADBE Vector Graphic - Fill","hd":false},{"ty":"tr","p":{"a":0,"k":[0,0],"ix":2},"a":{"a":0,"k":[0,0],"ix":1},"s":{"a":0,"k":[100,100],"ix":3},"r":{"a":0,"k":0,"ix":6},"o":{"a":0,"k":100,"ix":7},"sk":{"a":0,"k":0,"ix":4},"sa":{"a":0,"k":0,"ix":5},"nm":"Transformer "}],"nm":"Forme 1","np":4,"cix":2,"bm":0,"ix":1,"mn":"ADBE Vector Group","hd":false},{"ty":"rp","c":{"a":0,"k":4,"ix":1},"o":{"a":0,"k":0,"ix":2},"m":1,"ix":2,"tr":{"ty":"tr","p":{"a":0,"k":[0,0],"ix":2},"a":{"a":0,"k":[205,-254],"ix":1},"s":{"a":0,"k":[100,100],"ix":3},"r":{"a":0,"k":89,"ix":4},"so":{"a":0,"k":100,"ix":5},"eo":{"a":0,"k":100,"ix":6},"nm":"Transformer"},"nm":"Répétition 1","mn":"ADBE Vector Filter - Repeater","hd":false}],"ip":17.6666666666667,"op":51,"st":-4.83333333333333,"bm":0},{"ddd":0,"ind":6,"ty":4,"nm":"Sparkle 4","sr":1,"ks":{"o":{"a":0,"k":100,"ix":11},"r":{"a":0,"k":6,"ix":10},"p":{"a":0,"k":[77.938,149.188,0],"ix":2,"l":2},"a":{"a":0,"k":[204.688,-253.938,0],"ix":1,"l":2},"s":{"a":0,"k":[100,100,100],"ix":6,"l":2}},"ao":0,"shapes":[{"ty":"gr","it":[{"ind":0,"ty":"sh","ix":1,"ks":{"a":0,"k":{"i":[[0,0],[0,0]],"o":[[0,0],[0,0]],"v":[[204.75,-252.75],[201.5,-266]],"c":false},"ix":2},"nm":"Tracé 1","mn":"ADBE Vector Shape - Group","hd":false},{"ty":"tm","s":{"a":1,"k":[{"i":{"x":[0.88],"y":[1]},"o":{"x":[0.144],"y":[0]},"t":35.333,"s":[0]},{"t":47.1077473958333,"s":[100]}],"ix":1},"e":{"a":1,"k":[{"i":{"x":[0.329],"y":[1]},"o":{"x":[0.333],"y":[0]},"t":30.333,"s":[0]},{"t":41.5960286458333,"s":[100]}],"ix":2},"o":{"a":0,"k":0,"ix":3},"m":1,"ix":2,"nm":"Réduire les tracés 1","mn":"ADBE Vector Filter - Trim","hd":false},{"ty":"st","c":{"a":0,"k":[1,0.360784313725,0.592156862745,1],"ix":3},"o":{"a":0,"k":100,"ix":4},"w":{"a":0,"k":3,"ix":5},"lc":2,"lj":1,"ml":4,"bm":0,"nm":"Contour 1","mn":"ADBE Vector Graphic - Stroke","hd":false},{"ty":"fl","c":{"a":0,"k":[0.18431372549,0.098039215686,0.474509803922,1],"ix":4},"o":{"a":0,"k":100,"ix":5},"r":1,"bm":0,"nm":"Fond 1","mn":"ADBE Vector Graphic - Fill","hd":false},{"ty":"tr","p":{"a":0,"k":[0,0],"ix":2},"a":{"a":0,"k":[0,0],"ix":1},"s":{"a":0,"k":[100,100],"ix":3},"r":{"a":0,"k":0,"ix":6},"o":{"a":0,"k":100,"ix":7},"sk":{"a":0,"k":0,"ix":4},"sa":{"a":0,"k":0,"ix":5},"nm":"Transformer "}],"nm":"Forme 1","np":4,"cix":2,"bm":0,"ix":1,"mn":"ADBE Vector Group","hd":false},{"ty":"rp","c":{"a":0,"k":4,"ix":1},"o":{"a":0,"k":0,"ix":2},"m":1,"ix":2,"tr":{"ty":"tr","p":{"a":0,"k":[0,0],"ix":2},"a":{"a":0,"k":[205,-254],"ix":1},"s":{"a":0,"k":[100,100],"ix":3},"r":{"a":0,"k":89,"ix":4},"so":{"a":0,"k":100,"ix":5},"eo":{"a":0,"k":100,"ix":6},"nm":"Transformer"},"nm":"Répétition 1","mn":"ADBE Vector Filter - Repeater","hd":false}],"ip":22.8333333333333,"op":56.1666666666667,"st":0.33333333333333,"bm":0},{"ddd":0,"ind":7,"ty":4,"nm":"Sparkle 11","sr":1,"ks":{"o":{"a":0,"k":100,"ix":11},"r":{"a":0,"k":-19,"ix":10},"p":{"a":0,"k":[671.438,463.688,0],"ix":2,"l":2},"a":{"a":0,"k":[204.688,-253.938,0],"ix":1,"l":2},"s":{"a":0,"k":[100,100,100],"ix":6,"l":2}},"ao":0,"shapes":[{"ty":"gr","it":[{"ind":0,"ty":"sh","ix":1,"ks":{"a":0,"k":{"i":[[0,0],[0,0]],"o":[[0,0],[0,0]],"v":[[204.75,-252.75],[201.5,-266]],"c":false},"ix":2},"nm":"Tracé 1","mn":"ADBE Vector Shape - Group","hd":false},{"ty":"tm","s":{"a":1,"k":[{"i":{"x":[0.88],"y":[1]},"o":{"x":[0.144],"y":[0]},"t":28.75,"s":[0]},{"t":40.5244140625,"s":[100]}],"ix":1},"e":{"a":1,"k":[{"i":{"x":[0.329],"y":[1]},"o":{"x":[0.333],"y":[0]},"t":23.75,"s":[0]},{"t":35.0126953125,"s":[100]}],"ix":2},"o":{"a":0,"k":0,"ix":3},"m":1,"ix":2,"nm":"Réduire les tracés 1","mn":"ADBE Vector Filter - Trim","hd":false},{"ty":"st","c":{"a":0,"k":[1,0.360784313725,0.592156862745,1],"ix":3},"o":{"a":0,"k":100,"ix":4},"w":{"a":0,"k":3,"ix":5},"lc":2,"lj":1,"ml":4,"bm":0,"nm":"Contour 1","mn":"ADBE Vector Graphic - Stroke","hd":false},{"ty":"fl","c":{"a":0,"k":[0.18431372549,0.098039215686,0.474509803922,1],"ix":4},"o":{"a":0,"k":100,"ix":5},"r":1,"bm":0,"nm":"Fond 1","mn":"ADBE Vector Graphic - Fill","hd":false},{"ty":"tr","p":{"a":0,"k":[0,0],"ix":2},"a":{"a":0,"k":[0,0],"ix":1},"s":{"a":0,"k":[100,100],"ix":3},"r":{"a":0,"k":0,"ix":6},"o":{"a":0,"k":100,"ix":7},"sk":{"a":0,"k":0,"ix":4},"sa":{"a":0,"k":0,"ix":5},"nm":"Transformer "}],"nm":"Forme 1","np":4,"cix":2,"bm":0,"ix":1,"mn":"ADBE Vector Group","hd":false},{"ty":"rp","c":{"a":0,"k":4,"ix":1},"o":{"a":0,"k":0,"ix":2},"m":1,"ix":2,"tr":{"ty":"tr","p":{"a":0,"k":[0,0],"ix":2},"a":{"a":0,"k":[205,-254],"ix":1},"s":{"a":0,"k":[100,100],"ix":3},"r":{"a":0,"k":89,"ix":4},"so":{"a":0,"k":100,"ix":5},"eo":{"a":0,"k":100,"ix":6},"nm":"Transformer"},"nm":"Répétition 1","mn":"ADBE Vector Filter - Repeater","hd":false}],"ip":16.25,"op":49.5833333333333,"st":-6.25,"bm":0},{"ddd":0,"ind":8,"ty":4,"nm":"Sparkle 6","sr":1,"ks":{"o":{"a":0,"k":100,"ix":11},"r":{"a":0,"k":35,"ix":10},"p":{"a":0,"k":[640.938,541.188,0],"ix":2,"l":2},"a":{"a":0,"k":[204.688,-253.938,0],"ix":1,"l":2},"s":{"a":0,"k":[100,100,100],"ix":6,"l":2}},"ao":0,"shapes":[{"ty":"gr","it":[{"ind":0,"ty":"sh","ix":1,"ks":{"a":0,"k":{"i":[[0,0],[0,0]],"o":[[0,0],[0,0]],"v":[[204.75,-252.75],[201.5,-266]],"c":false},"ix":2},"nm":"Tracé 1","mn":"ADBE Vector Shape - Group","hd":false},{"ty":"tm","s":{"a":1,"k":[{"i":{"x":[0.88],"y":[1]},"o":{"x":[0.144],"y":[0]},"t":24.083,"s":[0]},{"t":35.8577473958333,"s":[100]}],"ix":1},"e":{"a":1,"k":[{"i":{"x":[0.329],"y":[1]},"o":{"x":[0.333],"y":[0]},"t":19.083,"s":[0]},{"t":30.3460286458333,"s":[100]}],"ix":2},"o":{"a":0,"k":0,"ix":3},"m":1,"ix":2,"nm":"Réduire les tracés 1","mn":"ADBE Vector Filter - Trim","hd":false},{"ty":"st","c":{"a":0,"k":[1,0.360784313725,0.592156862745,1],"ix":3},"o":{"a":0,"k":100,"ix":4},"w":{"a":0,"k":3,"ix":5},"lc":2,"lj":1,"ml":4,"bm":0,"nm":"Contour 1","mn":"ADBE Vector Graphic - Stroke","hd":false},{"ty":"fl","c":{"a":0,"k":[0.18431372549,0.098039215686,0.474509803922,1],"ix":4},"o":{"a":0,"k":100,"ix":5},"r":1,"bm":0,"nm":"Fond 1","mn":"ADBE Vector Graphic - Fill","hd":false},{"ty":"tr","p":{"a":0,"k":[0,0],"ix":2},"a":{"a":0,"k":[0,0],"ix":1},"s":{"a":0,"k":[100,100],"ix":3},"r":{"a":0,"k":0,"ix":6},"o":{"a":0,"k":100,"ix":7},"sk":{"a":0,"k":0,"ix":4},"sa":{"a":0,"k":0,"ix":5},"nm":"Transformer "}],"nm":"Forme 1","np":4,"cix":2,"bm":0,"ix":1,"mn":"ADBE Vector Group","hd":false},{"ty":"rp","c":{"a":0,"k":4,"ix":1},"o":{"a":0,"k":0,"ix":2},"m":1,"ix":2,"tr":{"ty":"tr","p":{"a":0,"k":[0,0],"ix":2},"a":{"a":0,"k":[205,-254],"ix":1},"s":{"a":0,"k":[100,100],"ix":3},"r":{"a":0,"k":89,"ix":4},"so":{"a":0,"k":100,"ix":5},"eo":{"a":0,"k":100,"ix":6},"nm":"Transformer"},"nm":"Répétition 1","mn":"ADBE Vector Filter - Repeater","hd":false}],"ip":11.5833333333333,"op":44.9166666666667,"st":-10.9166666666667,"bm":0},{"ddd":0,"ind":9,"ty":4,"nm":"Vector 3387","sr":1,"ks":{"o":{"a":0,"k":100,"ix":11},"r":{"a":0,"k":-28.313,"ix":10},"p":{"a":0,"k":[105.767,99.866,0],"ix":2,"l":2},"a":{"a":0,"k":[23.563,31.981,0],"ix":1,"l":2},"s":{"a":0,"k":[94,94,100],"ix":6,"l":2}},"ao":0,"hasMask":true,"masksProperties":[{"inv":false,"mode":"a","pt":{"a":1,"k":[{"i":{"x":0.021,"y":1},"o":{"x":0.083,"y":0.085},"t":7.917,"s":[{"i":[[0.524,0],[0,-0.545],[-0.524,0],[0,0.545]],"o":[[-0.524,0],[0,0.545],[0.524,0],[0,-0.545]],"v":[[23.045,30.699],[22.096,31.685],[23.045,32.671],[23.995,31.685]],"c":true}]},{"t":36.6666666666667,"s":[{"i":[[19.99,0],[0,-20.76],[-19.99,0],[0,20.76]],"o":[[-19.99,0],[0,20.76],[19.99,0],[0,-20.76]],"v":[[24.784,-5.629],[-11.412,31.961],[24.784,69.551],[60.98,31.961]],"c":true}]}],"ix":1},"o":{"a":0,"k":100,"ix":3},"x":{"a":0,"k":0,"ix":4},"nm":"Masque 1"}],"shapes":[{"ty":"gr","it":[{"ind":0,"ty":"sh","ix":1,"ks":{"a":0,"k":{"i":[[11.281,2.125],[-4.107,21.804],[-12.689,-2.39],[3.887,-20.636]],"o":[[11.281,2.125],[-4.107,21.804],[-12.392,-2.334],[3.887,-20.636]],"v":[[0,27.543],[30.252,0],[47.126,36.42],[18.204,63.963]],"c":true},"ix":2},"nm":"Tracé 1","mn":"ADBE Vector Shape - Group","hd":false},{"ty":"st","c":{"a":0,"k":[1,0.360784313725,0.592156862745,1],"ix":3},"o":{"a":0,"k":100,"ix":4},"w":{"a":0,"k":2.91,"ix":5},"lc":1,"lj":2,"bm":0,"nm":"Contour 1","mn":"ADBE Vector Graphic - Stroke","hd":false},{"ty":"fl","c":{"a":0,"k":[1,0.360784313725,0.592156862745,1],"ix":4},"o":{"a":0,"k":100,"ix":5},"r":1,"bm":0,"nm":"Fond 1","mn":"ADBE Vector Graphic - Fill","hd":false},{"ty":"tr","p":{"a":0,"k":[0,0],"ix":2},"a":{"a":0,"k":[0,0],"ix":1},"s":{"a":0,"k":[100,100],"ix":3},"r":{"a":0,"k":0,"ix":6},"o":{"a":0,"k":100,"ix":7},"sk":{"a":0,"k":0,"ix":4},"sa":{"a":0,"k":0,"ix":5},"nm":"Transformer "}],"nm":"Vector 3366","np":3,"cix":2,"bm":0,"ix":1,"mn":"ADBE Vector Group","hd":false}],"ip":7.08333333333333,"op":220,"st":-7.08333333333333,"bm":0},{"ddd":0,"ind":10,"ty":4,"nm":"Vector 3388","sr":1,"ks":{"o":{"a":0,"k":100,"ix":11},"r":{"a":0,"k":0.687,"ix":10},"p":{"a":0,"k":[621.767,483.866,0],"ix":2,"l":2},"a":{"a":0,"k":[23.563,31.981,0],"ix":1,"l":2},"s":{"a":0,"k":[94,94,100],"ix":6,"l":2}},"ao":0,"hasMask":true,"masksProperties":[{"inv":false,"mode":"a","pt":{"a":1,"k":[{"i":{"x":0.021,"y":1},"o":{"x":0.083,"y":0.085},"t":13.917,"s":[{"i":[[0.524,0],[0,-0.545],[-0.524,0],[0,0.545]],"o":[[-0.524,0],[0,0.545],[0.524,0],[0,-0.545]],"v":[[23.045,30.699],[22.096,31.685],[23.045,32.671],[23.995,31.685]],"c":true}]},{"t":42.6666666666667,"s":[{"i":[[19.99,0],[0,-20.76],[-19.99,0],[0,20.76]],"o":[[-19.99,0],[0,20.76],[19.99,0],[0,-20.76]],"v":[[24.784,-5.629],[-11.412,31.961],[24.784,69.551],[60.98,31.961]],"c":true}]}],"ix":1},"o":{"a":0,"k":100,"ix":3},"x":{"a":0,"k":0,"ix":4},"nm":"Masque 1"}],"shapes":[{"ty":"gr","it":[{"ind":0,"ty":"sh","ix":1,"ks":{"a":0,"k":{"i":[[11.281,2.125],[-4.107,21.804],[-12.689,-2.39],[3.887,-20.636]],"o":[[11.281,2.125],[-4.107,21.804],[-12.392,-2.334],[3.887,-20.636]],"v":[[0,27.543],[30.252,0],[47.126,36.42],[18.204,63.963]],"c":true},"ix":2},"nm":"Tracé 1","mn":"ADBE Vector Shape - Group","hd":false},{"ty":"st","c":{"a":0,"k":[1,0.360784313725,0.592156862745,1],"ix":3},"o":{"a":0,"k":100,"ix":4},"w":{"a":0,"k":2.91,"ix":5},"lc":1,"lj":2,"bm":0,"nm":"Contour 1","mn":"ADBE Vector Graphic - Stroke","hd":false},{"ty":"fl","c":{"a":0,"k":[1,0.360784313725,0.592156862745,1],"ix":4},"o":{"a":0,"k":100,"ix":5},"r":1,"bm":0,"nm":"Fond 1","mn":"ADBE Vector Graphic - Fill","hd":false},{"ty":"tr","p":{"a":0,"k":[0,0],"ix":2},"a":{"a":0,"k":[0,0],"ix":1},"s":{"a":0,"k":[100,100],"ix":3},"r":{"a":0,"k":0,"ix":6},"o":{"a":0,"k":100,"ix":7},"sk":{"a":0,"k":0,"ix":4},"sa":{"a":0,"k":0,"ix":5},"nm":"Transformer "}],"nm":"Vector 3366","np":3,"cix":2,"bm":0,"ix":1,"mn":"ADBE Vector Group","hd":false}],"ip":13.0833333333333,"op":203,"st":-1.08333333333333,"bm":0},{"ddd":0,"ind":11,"ty":4,"nm":"Vector 3386","sr":1,"ks":{"o":{"a":0,"k":100,"ix":11},"r":{"a":0,"k":10.687,"ix":10},"p":{"a":0,"k":[609.267,112.866,0],"ix":2,"l":2},"a":{"a":0,"k":[23.563,31.981,0],"ix":1,"l":2},"s":{"a":0,"k":[100,100,100],"ix":6,"l":2}},"ao":0,"hasMask":true,"masksProperties":[{"inv":false,"mode":"a","pt":{"a":1,"k":[{"i":{"x":0.021,"y":1},"o":{"x":0.083,"y":0.085},"t":13.167,"s":[{"i":[[0.524,0],[0,-0.545],[-0.524,0],[0,0.545]],"o":[[-0.524,0],[0,0.545],[0.524,0],[0,-0.545]],"v":[[23.045,30.699],[22.096,31.685],[23.045,32.671],[23.995,31.685]],"c":true}]},{"t":41.9166666666667,"s":[{"i":[[19.99,0],[0,-20.76],[-19.99,0],[0,20.76]],"o":[[-19.99,0],[0,20.76],[19.99,0],[0,-20.76]],"v":[[24.784,-5.629],[-11.412,31.961],[24.784,69.551],[60.98,31.961]],"c":true}]}],"ix":1},"o":{"a":0,"k":100,"ix":3},"x":{"a":0,"k":0,"ix":4},"nm":"Masque 1"}],"shapes":[{"ty":"gr","it":[{"ind":0,"ty":"sh","ix":1,"ks":{"a":0,"k":{"i":[[11.281,2.125],[-4.107,21.804],[-12.689,-2.39],[3.887,-20.636]],"o":[[11.281,2.125],[-4.107,21.804],[-12.392,-2.334],[3.887,-20.636]],"v":[[0,27.543],[30.252,0],[47.126,36.42],[18.204,63.963]],"c":true},"ix":2},"nm":"Tracé 1","mn":"ADBE Vector Shape - Group","hd":false},{"ty":"st","c":{"a":0,"k":[1,0.854901960784,0.086274509804,1],"ix":3},"o":{"a":0,"k":100,"ix":4},"w":{"a":0,"k":2.91,"ix":5},"lc":1,"lj":2,"bm":0,"nm":"Contour 1","mn":"ADBE Vector Graphic - Stroke","hd":false},{"ty":"fl","c":{"a":0,"k":[1,0.854901960784,0.086274509804,1],"ix":4},"o":{"a":0,"k":100,"ix":5},"r":1,"bm":0,"nm":"Fond 1","mn":"ADBE Vector Graphic - Fill","hd":false},{"ty":"tr","p":{"a":0,"k":[0,0],"ix":2},"a":{"a":0,"k":[0,0],"ix":1},"s":{"a":0,"k":[100,100],"ix":3},"r":{"a":0,"k":0,"ix":6},"o":{"a":0,"k":100,"ix":7},"sk":{"a":0,"k":0,"ix":4},"sa":{"a":0,"k":0,"ix":5},"nm":"Transformer "}],"nm":"Vector 3366","np":3,"cix":2,"bm":0,"ix":1,"mn":"ADBE Vector Group","hd":false}],"ip":12.3333333333333,"op":216,"st":-1.83333333333333,"bm":0},{"ddd":0,"ind":12,"ty":4,"nm":"Vector 3389","sr":1,"ks":{"o":{"a":0,"k":100,"ix":11},"r":{"a":0,"k":-36.313,"ix":10},"p":{"a":0,"k":[104.267,500.366,0],"ix":2,"l":2},"a":{"a":0,"k":[23.563,31.981,0],"ix":1,"l":2},"s":{"a":0,"k":[100,100,100],"ix":6,"l":2}},"ao":0,"hasMask":true,"masksProperties":[{"inv":false,"mode":"a","pt":{"a":1,"k":[{"i":{"x":0.021,"y":1},"o":{"x":0.083,"y":0.085},"t":10.25,"s":[{"i":[[0.524,0],[0,-0.545],[-0.524,0],[0,0.545]],"o":[[-0.524,0],[0,0.545],[0.524,0],[0,-0.545]],"v":[[23.045,30.699],[22.096,31.685],[23.045,32.671],[23.995,31.685]],"c":true}]},{"t":39,"s":[{"i":[[19.99,0],[0,-20.76],[-19.99,0],[0,20.76]],"o":[[-19.99,0],[0,20.76],[19.99,0],[0,-20.76]],"v":[[24.784,-5.629],[-11.412,31.961],[24.784,69.551],[60.98,31.961]],"c":true}]}],"ix":1},"o":{"a":0,"k":100,"ix":3},"x":{"a":0,"k":0,"ix":4},"nm":"Masque 1"}],"shapes":[{"ty":"gr","it":[{"ind":0,"ty":"sh","ix":1,"ks":{"a":0,"k":{"i":[[11.281,2.125],[-4.107,21.804],[-12.689,-2.39],[3.887,-20.636]],"o":[[11.281,2.125],[-4.107,21.804],[-12.392,-2.334],[3.887,-20.636]],"v":[[0,27.543],[30.252,0],[47.126,36.42],[18.204,63.963]],"c":true},"ix":2},"nm":"Tracé 1","mn":"ADBE Vector Shape - Group","hd":false},{"ty":"st","c":{"a":0,"k":[1,0.854901960784,0.086274509804,1],"ix":3},"o":{"a":0,"k":100,"ix":4},"w":{"a":0,"k":2.91,"ix":5},"lc":1,"lj":2,"bm":0,"nm":"Contour 1","mn":"ADBE Vector Graphic - Stroke","hd":false},{"ty":"fl","c":{"a":0,"k":[1,0.854901960784,0.086274509804,1],"ix":4},"o":{"a":0,"k":100,"ix":5},"r":1,"bm":0,"nm":"Fond 1","mn":"ADBE Vector Graphic - Fill","hd":false},{"ty":"tr","p":{"a":0,"k":[0,0],"ix":2},"a":{"a":0,"k":[0,0],"ix":1},"s":{"a":0,"k":[100,100],"ix":3},"r":{"a":0,"k":0,"ix":6},"o":{"a":0,"k":100,"ix":7},"sk":{"a":0,"k":0,"ix":4},"sa":{"a":0,"k":0,"ix":5},"nm":"Transformer "}],"nm":"Vector 3366","np":3,"cix":2,"bm":0,"ix":1,"mn":"ADBE Vector Group","hd":false}],"ip":9.41666666666667,"op":216,"st":-4.75,"bm":0}],"markers":[]}